{
    "14611098102": 1778590820.5904078,
    "1021358961": 1793416207.7217493
}